ts	estab	tw	listen	eph_used	eph_range	pct	top_holders
09:41:14	403	367	119	567	28232	2.0	rootlessport=197 helixcode=166 ccr=38 
09:41:27	401	320	120	544	28232	1.9	rootlessport=197 helixcode=166 ccr=38 
09:41:40	405	308	120	542	28232	1.9	rootlessport=197 helixcode=166 ccr=38 
09:42:01	615	525	122	575	28232	2.0	phase3.test=2825 helixcode=2531 rootlessport=212 
09:42:44	34188	1395	121	16941	28232	60.0	phase3.test=17117 helixcode=8723 rootlessport=212 
09:43:15	11010	20317	120	28117	28232	99.6	helixcode=331 rootlessport=212 performance.tes=147 
09:43:35	745	28450	119	28109	28232	99.6	helixcode=329 rootlessport=212 performance.tes=138 
09:43:59	653	27986	119	28011	28232	99.2	helixcode=288 rootlessport=212 performance.tes=106 
09:44:13	635	3339	119	3634	28232	12.9	helixcode=277 rootlessport=212 performance.tes=96 
09:44:33	434	4077	120	4197	28232	14.9	rootlessport=212 helixcode=181 ccr=38 
09:44:44	424	4063	119	4176	28232	14.8	rootlessport=212 helixcode=181 ccr=38 
09:44:58	430	3312	119	3454	28232	12.2	rootlessport=212 helixcode=181 ccr=38 
09:45:11	424	2654	119	2806	28232	9.9	rootlessport=212 helixcode=181 ccr=38 
09:45:25	433	1292	118	1522	28232	5.4	rootlessport=212 helixcode=181 ccr=38 
09:45:39	426	79	118	320	28232	1.1	rootlessport=212 helixcode=181 ccr=38 
09:45:56	426	71	118	312	28232	1.1	rootlessport=212 helixcode=181 ccr=38 
09:46:14	430	60	118	310	28232	1.1	rootlessport=212 helixcode=181 ccr=38 
09:46:36	429	63	118	310	28232	1.1	rootlessport=212 helixcode=181 ccr=38 
09:46:50	429	65	118	310	28232	1.1	rootlessport=212 helixcode=181 ccr=38 
09:47:02	428	64	118	309	28232	1.1	rootlessport=212 helixcode=181 ccr=38 
09:47:16	428	63	118	308	28232	1.1	rootlessport=212 helixcode=181 ccr=38 
09:47:27	431	62	118	312	28232	1.1	rootlessport=212 helixcode=181 ccr=38 
09:47:41	430	68	118	317	28232	1.1	rootlessport=212 helixcode=181 ccr=38 
09:47:55	435	63	118	315	28232	1.1	rootlessport=212 helixcode=181 ccr=38 
09:48:07	429	68	118	313	28232	1.1	rootlessport=212 helixcode=181 ccr=38 
09:48:24	432	58	118	309	28232	1.1	rootlessport=212 helixcode=181 ccr=38 
09:48:38	424	69	118	311	28232	1.1	rootlessport=212 helixcode=181 ccr=38 
09:48:54	429	64	118	312	28232	1.1	rootlessport=212 helixcode=181 ccr=38 
09:49:11	432	62	118	312	28232	1.1	rootlessport=212 helixcode=181 ccr=38 
09:49:24	435	54	118	309	28232	1.1	rootlessport=212 helixcode=181 ccr=38 
09:49:40	431	54	118	306	28232	1.1	rootlessport=212 helixcode=181 ccr=38 
09:49:52	433	64	118	316	28232	1.1	rootlessport=212 helixcode=181 ccr=38 
09:50:08	438	60	118	318	28232	1.1	rootlessport=212 helixcode=181 ccr=38 
09:50:24	435	67	118	320	28232	1.1	rootlessport=212 helixcode=181 ccr=38 
09:50:36	439	54	118	310	28232	1.1	rootlessport=212 helixcode=181 ccr=38 
09:50:53	439	53	118	314	28232	1.1	rootlessport=212 helixcode=181 ccr=38 
09:51:07	435	61	118	323	28232	1.1	rootlessport=212 helixcode=181 ccr=38 
09:51:23	431	67	118	316	28232	1.1	rootlessport=212 helixcode=181 ccr=38 
09:51:38	430	98	118	358	28232	1.3	rootlessport=212 helixcode=181 ccr=38 
09:51:55	433	196	119	447	28232	1.6	rootlessport=212 helixcode=181 ccr=38 
09:52:10	429	316	118	556	28232	2.0	rootlessport=212 helixcode=181 ccr=38 
09:52:26	435	411	118	642	28232	2.3	rootlessport=212 helixcode=181 ccr=38 
09:52:40	429	488	119	684	28232	2.4	rootlessport=212 helixcode=181 ccr=38 
09:52:53	433	472	120	668	28232	2.4	rootlessport=212 helixcode=181 ccr=38 
09:53:10	445	576	120	771	28232	2.7	rootlessport=212 helixcode=181 ccr=38 
09:53:26	435	550	120	748	28232	2.6	rootlessport=212 helixcode=181 ccr=38 
09:53:44	442	608	119	841	28232	3.0	rootlessport=212 helixcode=181 ccr=38 
09:53:59	440	566	119	798	28232	2.8	rootlessport=212 helixcode=181 ccr=38 
09:54:15	465	504	121	717	28232	2.5	rootlessport=212 helixcode=181 ccr=38 
09:54:36	8633	1627	122	4817	28232	17.1	phase3.test=10435 helixcode=10140 rootlessport=212 
09:55:29	44551	1712	121	21990	28232	77.9	phase3.test=375 helixcode=218 rootlessport=208 
09:55:57	738	28646	119	28212	28232	99.9	helixcode=221 rootlessport=212 performance.tes=40 
09:56:48	17679	21419	120	28189	28232	99.8	phase3.test=20613 helixcode=14603 rootlessport=212 
09:57:20	617	29625	119	28221	28232	100.0	helixcode=256 rootlessport=212 performance.tes=75 
09:57:39	743	28830	120	28206	28232	99.9	helixcode=339 rootlessport=212 performance.tes=148 
09:58:06	746	28477	119	28232	28232	100.0	helixcode=335 rootlessport=212 performance.tes=148 
09:58:24	717	3714	120	3913	28232	13.9	helixcode=301 rootlessport=212 performance.tes=120 
09:58:40	666	4075	119	4279	28232	15.2	helixcode=295 rootlessport=212 performance.tes=114 
09:58:54	642	3429	119	3657	28232	13.0	helixcode=282 rootlessport=212 performance.tes=101 
09:59:09	430	2789	118	2940	28232	10.4	rootlessport=212 helixcode=181 ccr=38 
09:59:21	431	1923	118	2124	28232	7.5	rootlessport=212 helixcode=181 ccr=38 
09:59:36	422	959	118	1183	28232	4.2	rootlessport=212 helixcode=181 ccr=38 
09:59:48	433	181	118	429	28232	1.5	rootlessport=212 helixcode=181 ccr=38 
10:00:02	429	168	118	412	28232	1.5	rootlessport=212 helixcode=181 ccr=38 
10:00:14	427	67	118	310	28232	1.1	rootlessport=212 helixcode=181 ccr=38 
10:00:29	433	63	118	315	28232	1.1	rootlessport=212 helixcode=181 ccr=38 
10:00:40	440	58	118	317	28232	1.1	rootlessport=212 helixcode=181 ccr=38 
10:00:57	428	60	118	308	28232	1.1	rootlessport=212 helixcode=181 ccr=38 
10:01:09	428	52	118	301	28232	1.1	rootlessport=212 helixcode=181 ccr=38 
10:01:20	429	53	118	297	28232	1.1	rootlessport=212 helixcode=181 ccr=38 
10:01:33	430	59	118	313	28232	1.1	rootlessport=212 helixcode=181 ccr=38 
10:01:46	428	50	118	299	28232	1.1	rootlessport=212 helixcode=181 ccr=38 
10:02:00	429	53	118	299	28232	1.1	rootlessport=212 helixcode=181 ccr=38 
10:02:12	429	62	118	307	28232	1.1	rootlessport=212 helixcode=181 ccr=38 
10:02:23	421	65	118	305	28232	1.1	rootlessport=212 helixcode=181 ccr=38 
10:02:37	423	59	118	300	28232	1.1	rootlessport=212 helixcode=181 ccr=38 
10:02:50	438	54	118	310	28232	1.1	rootlessport=212 helixcode=181 ccr=38 
10:03:03	425	56	118	299	28232	1.1	rootlessport=212 helixcode=181 ccr=38 
10:03:19	421	60	118	298	28232	1.1	rootlessport=212 helixcode=181 ccr=38 
10:03:35	424	60	118	301	28232	1.1	rootlessport=212 helixcode=181 ccr=38 
10:03:47	425	71	118	314	28232	1.1	rootlessport=212 helixcode=181 ccr=38 
10:04:01	427	63	118	313	28232	1.1	rootlessport=212 helixcode=181 ccr=38 
10:04:15	424	64	118	305	28232	1.1	rootlessport=212 helixcode=181 ccr=38 
10:04:32	424	69	118	310	28232	1.1	rootlessport=212 helixcode=181 ccr=38 
10:04:47	428	66	118	309	28232	1.1	rootlessport=212 helixcode=181 ccr=38 
10:04:59	432	70	118	321	28232	1.1	rootlessport=212 helixcode=181 ccr=38 
10:05:12	427	70	118	315	28232	1.1	rootlessport=212 helixcode=181 ccr=38 
10:05:25	428	75	118	317	28232	1.1	rootlessport=212 helixcode=181 ccr=38 
10:05:39	424	71	118	310	28232	1.1	rootlessport=212 helixcode=181 ccr=38 
10:05:54	429	68	118	312	28232	1.1	rootlessport=212 helixcode=181 ccr=38 
10:06:08	426	68	118	312	28232	1.1	rootlessport=212 helixcode=181 ccr=38 
10:06:25	425	68	118	312	28232	1.1	rootlessport=212 helixcode=181 ccr=38 
10:06:40	428	63	118	312	28232	1.1	rootlessport=212 helixcode=181 ccr=38 
10:06:55	428	55	118	307	28232	1.1	rootlessport=212 helixcode=181 ccr=38 
10:07:09	426	55	118	303	28232	1.1	rootlessport=212 helixcode=181 ccr=38 
10:07:24	425	61	118	310	28232	1.1	rootlessport=212 helixcode=181 ccr=38 
10:07:37	424	61	118	305	28232	1.1	rootlessport=212 helixcode=181 ccr=38 
10:07:50	425	67	118	309	28232	1.1	rootlessport=212 helixcode=181 ccr=38 
10:08:00	425	65	118	307	28232	1.1	rootlessport=212 helixcode=181 ccr=38 
10:08:13	426	65	118	306	28232	1.1	rootlessport=212 helixcode=181 ccr=38 
10:08:24	420	69	118	306	28232	1.1	rootlessport=212 helixcode=181 ccr=38 
10:08:35	424	75	118	317	28232	1.1	rootlessport=212 helixcode=181 ccr=38 
10:08:47	432	63	118	315	28232	1.1	rootlessport=212 helixcode=181 ccr=38 
10:09:01	424	69	118	311	28232	1.1	rootlessport=212 helixcode=181 ccr=38 
10:09:13	427	68	118	312	28232	1.1	rootlessport=212 helixcode=181 ccr=38 
10:09:28	427	58	118	301	28232	1.1	rootlessport=212 helixcode=181 ccr=38 
10:09:42	427	55	118	300	28232	1.1	rootlessport=212 helixcode=181 ccr=38 
10:09:54	423	53	118	296	28232	1.0	rootlessport=212 helixcode=181 ccr=38 
10:10:06	426	55	118	303	28232	1.1	rootlessport=212 helixcode=181 ccr=38 
10:10:17	422	55	118	300	28232	1.1	rootlessport=212 helixcode=181 ccr=38 
10:10:28	424	63	118	311	28232	1.1	rootlessport=212 helixcode=181 ccr=38 
10:10:38	421	62	118	306	28232	1.1	rootlessport=212 helixcode=181 ccr=38 
10:10:50	427	60	118	310	28232	1.1	rootlessport=212 helixcode=181 ccr=38 
10:11:02	429	65	118	317	28232	1.1	rootlessport=212 helixcode=181 ccr=38 
10:11:19	428	68	118	313	28232	1.1	rootlessport=212 helixcode=181 ccr=38 
10:11:30	427	63	118	304	28232	1.1	rootlessport=212 helixcode=181 ccr=38 
10:11:43	427	60	118	311	28232	1.1	rootlessport=212 helixcode=181 ccr=38 
10:11:59	429	56	118	300	28232	1.1	rootlessport=212 helixcode=181 ccr=38 
10:12:12	421	62	118	299	28232	1.1	rootlessport=212 helixcode=181 ccr=38 
10:12:21	425	59	118	302	28232	1.1	rootlessport=212 helixcode=181 ccr=38 
10:12:34	419	62	118	301	28232	1.1	rootlessport=212 helixcode=181 ccr=38 
10:12:47	426	56	118	297	28232	1.1	rootlessport=212 helixcode=181 ccr=38 
10:13:00	424	63	118	309	28232	1.1	rootlessport=212 helixcode=181 ccr=38 
10:13:13	421	69	118	306	28232	1.1	rootlessport=212 helixcode=181 ccr=38 
10:13:24	426	64	118	305	28232	1.1	rootlessport=212 helixcode=181 ccr=38 
10:13:34	421	61	118	295	28232	1.0	rootlessport=212 helixcode=181 ccr=38 
10:13:47	427	69	118	306	28232	1.1	rootlessport=212 helixcode=181 ccr=38 
10:14:00	426	70	118	307	28232	1.1	rootlessport=212 helixcode=181 ccr=38 
10:14:12	425	62	118	302	28232	1.1	rootlessport=212 helixcode=181 ccr=38 
10:14:26	420	66	118	297	28232	1.1	rootlessport=212 helixcode=181 ccr=38 
10:14:37	421	66	118	299	28232	1.1	rootlessport=212 helixcode=181 ccr=38 
10:14:47	423	62	118	301	28232	1.1	rootlessport=212 helixcode=181 ccr=38 
10:15:02	423	57	118	302	28232	1.1	rootlessport=212 helixcode=181 ccr=38 
10:15:14	422	59	118	301	28232	1.1	rootlessport=212 helixcode=181 ccr=38 
10:15:25	416	68	118	306	28232	1.1	rootlessport=212 helixcode=181 ccr=38 
10:15:36	426	56	118	295	28232	1.0	rootlessport=212 helixcode=181 ccr=38 
10:15:46	425	65	118	302	28232	1.1	rootlessport=212 helixcode=181 ccr=38 
10:15:57	427	62	118	301	28232	1.1	rootlessport=212 helixcode=181 ccr=38 
10:16:10	422	64	118	302	28232	1.1	rootlessport=212 helixcode=181 ccr=38 
10:16:21	424	70	118	306	28232	1.1	rootlessport=212 helixcode=181 ccr=38 
10:16:35	423	68	118	305	28232	1.1	rootlessport=212 helixcode=181 ccr=38 
10:16:47	427	68	118	309	28232	1.1	rootlessport=212 helixcode=181 ccr=38 
10:16:59	424	69	118	305	28232	1.1	rootlessport=212 helixcode=181 ccr=38 
10:17:15	423	64	118	302	28232	1.1	rootlessport=212 helixcode=181 ccr=38 
10:17:25	421	71	118	310	28232	1.1	rootlessport=212 helixcode=181 ccr=38 
10:17:37	422	70	118	311	28232	1.1	rootlessport=212 helixcode=181 ccr=38 
10:17:49	428	63	118	310	28232	1.1	rootlessport=212 helixcode=181 ccr=38 
10:18:03	424	67	118	312	28232	1.1	rootlessport=212 helixcode=181 ccr=38 
10:18:16	427	68	118	317	28232	1.1	rootlessport=212 helixcode=181 ccr=38 
10:18:28	427	63	118	310	28232	1.1	rootlessport=212 helixcode=181 ccr=38 
10:18:40	425	56	118	297	28232	1.1	rootlessport=207 helixcode=176 ccr=38 
10:18:51	415	67	118	302	28232	1.1	rootlessport=207 helixcode=176 ccr=38 
10:19:00	414	64	118	299	28232	1.1	rootlessport=207 helixcode=176 ccr=38 
10:19:12	411	61	118	293	28232	1.0	rootlessport=207 helixcode=176 ccr=38 
10:19:26	415	59	118	298	28232	1.1	rootlessport=207 helixcode=176 ccr=38 
10:19:38	413	65	118	301	28232	1.1	rootlessport=207 helixcode=176 ccr=38 
10:19:52	415	59	118	301	28232	1.1	rootlessport=207 helixcode=176 ccr=38 
10:20:01	411	61	118	296	28232	1.0	rootlessport=207 helixcode=176 ccr=38 
10:20:14	416	57	118	296	28232	1.0	rootlessport=207 helixcode=176 ccr=38 
10:20:29	414	62	118	298	28232	1.1	rootlessport=207 helixcode=176 ccr=38 
10:20:38	413	60	118	295	28232	1.0	rootlessport=207 helixcode=176 ccr=38 
10:20:53	416	57	118	294	28232	1.0	rootlessport=207 helixcode=176 ccr=38 
10:21:07	412	68	118	298	28232	1.1	rootlessport=207 helixcode=176 ccr=38 
10:21:16	415	60	118	295	28232	1.0	rootlessport=207 helixcode=176 ccr=38 
10:21:26	418	62	118	297	28232	1.1	rootlessport=207 helixcode=176 ccr=38 
10:21:35	416	65	118	306	28232	1.1	rootlessport=207 helixcode=176 ccr=38 
10:21:48	417	65	118	300	28232	1.1	rootlessport=207 helixcode=176 ccr=38 
10:22:01	417	62	118	297	28232	1.1	rootlessport=207 helixcode=176 ccr=38 
10:22:11	411	64	118	296	28232	1.0	rootlessport=207 helixcode=176 ccr=38 
10:22:21	416	71	118	308	28232	1.1	rootlessport=207 helixcode=176 ccr=38 
10:22:35	413	66	118	300	28232	1.1	rootlessport=207 helixcode=176 ccr=38 
10:22:46	413	70	118	302	28232	1.1	rootlessport=207 helixcode=176 ccr=38 
10:22:57	406	73	118	298	28232	1.1	rootlessport=207 helixcode=176 ccr=38 
10:23:10	414	74	118	306	28232	1.1	rootlessport=207 helixcode=176 ccr=38 
10:23:20	415	66	118	299	28232	1.1	rootlessport=207 helixcode=176 ccr=38 
10:23:30	413	66	118	298	28232	1.1	rootlessport=207 helixcode=176 ccr=38 
10:23:46	410	68	118	301	28232	1.1	rootlessport=207 helixcode=176 ccr=38 
10:23:57	413	61	118	300	28232	1.1	rootlessport=207 helixcode=176 ccr=38 
